{
  "instance_dir": "D:\\TextArena\\examples\\H&M_instances\\weekly_H&M_instances\\706016001",
  "instance_name": "706016001",
  "promised_lead_time": 2,
  "num_runs": 5,
  "max_periods": null,
  "results": {
    "or": {
      "rewards": [
        10138.0,
        10138.0,
        10138.0,
        10138.0,
        10138.0
      ],
      "mean": 10138.0,
      "std": 0.0,
      "min": 10138.0,
      "max": 10138.0,
      "count": 5
    },
    "llm": {
      "rewards": [
        17409.0,
        19294.0,
        14276.0,
        20560.0,
        17224.0
      ],
      "mean": 17752.6,
      "std": 2132.6807168444134,
      "min": 14276.0,
      "max": 20560.0,
      "count": 5
    },
    "llm_to_or": {
      "rewards": [
        11651.0,
        12873.0,
        15063.0,
        9253.0,
        6193.0
      ],
      "mean": 11006.6,
      "std": 3052.8327566376774,
      "min": 6193.0,
      "max": 15063.0,
      "count": 5
    },
    "or_to_llm": {
      "rewards": [
        9689.0,
        11174.0,
        14480.0,
        16434.0,
        5000.0
      ],
      "mean": 11355.4,
      "std": 3968.783370253408,
      "min": 5000.0,
      "max": 16434.0,
      "count": 5
    }
  },
  "errors": {}
}