{
  "instance_dir": "D:\\TextArena\\examples\\H&M_instances\\weekly_H&M_instances\\706016001",
  "instance_name": "706016001",
  "promised_lead_time": 0,
  "num_runs": 5,
  "max_periods": null,
  "results": {
    "or": {
      "rewards": [
        37736.0,
        37736.0,
        37736.0,
        37736.0,
        37736.0
      ],
      "mean": 37736.0,
      "std": 0.0,
      "min": 37736.0,
      "max": 37736.0,
      "count": 5
    },
    "llm": {
      "rewards": [
        40081.0,
        41252.0,
        39631.0,
        40745.0,
        38637.0
      ],
      "mean": 40069.2,
      "std": 905.4365576891624,
      "min": 38637.0,
      "max": 41252.0,
      "count": 5
    },
    "llm_to_or": {
      "rewards": [
        36789.0,
        37728.0,
        34084.0,
        34613.0,
        34751.0
      ],
      "mean": 35593.0,
      "std": 1409.615976072916,
      "min": 34084.0,
      "max": 37728.0,
      "count": 5
    },
    "or_to_llm": {
      "rewards": [
        37825.0,
        39887.0,
        39360.0,
        37778.0,
        38748.0
      ],
      "mean": 38719.6,
      "std": 831.944853941654,
      "min": 37778.0,
      "max": 39887.0,
      "count": 5
    }
  },
  "errors": {}
}