{
  "instance_dir": "D:\\TextArena\\examples\\H&M_instances\\weekly_H&M_instances\\706016001",
  "instance_name": "706016001",
  "promised_lead_time": 4,
  "num_runs": 5,
  "max_periods": null,
  "results": {
    "or": {
      "rewards": [
        13616.0,
        13616.0,
        13616.0,
        13616.0,
        13616.0
      ],
      "mean": 13616.0,
      "std": 0.0,
      "min": 13616.0,
      "max": 13616.0,
      "count": 5
    },
    "llm": {
      "rewards": [
        7696.0,
        -8441.0,
        10727.0,
        -10178.0,
        10041.0
      ],
      "mean": 1969.0,
      "std": 9279.827433740349,
      "min": -10178.0,
      "max": 10727.0,
      "count": 5
    },
    "llm_to_or": {
      "rewards": [
        12654.0,
        14313.0,
        12696.0,
        6897.0,
        12150.0
      ],
      "mean": 11742.0,
      "std": 2529.52129858596,
      "min": 6897.0,
      "max": 14313.0,
      "count": 5
    },
    "or_to_llm": {
      "rewards": [
        7144.0,
        -3346.0,
        11359.0,
        9292.0,
        -2507.0
      ],
      "mean": 4388.4,
      "std": 6125.2815967921015,
      "min": -3346.0,
      "max": 11359.0,
      "count": 5
    }
  },
  "errors": {}
}