{
  "instance_dir": "D:\\TextArena\\examples\\H&M_instances\\weekly_H&M_instances\\706016001",
  "instance_name": "706016001",
  "promised_lead_time": 4,
  "num_runs": 5,
  "max_periods": null,
  "results": {
    "or": {
      "rewards": [
        13616.0,
        13616.0,
        13616.0,
        13616.0,
        13616.0
      ],
      "mean": 13616.0,
      "std": 0.0,
      "min": 13616.0,
      "max": 13616.0,
      "count": 5
    },
    "llm": {
      "rewards": [
        8155.0,
        10815.0,
        9462.0,
        9534.0,
        8115.0
      ],
      "mean": 9216.2,
      "std": 1005.6204850737678,
      "min": 8115.0,
      "max": 10815.0,
      "count": 5
    },
    "llm_to_or": {
      "rewards": [
        13625.0,
        14007.0,
        10862.0,
        14983.0,
        11460.0
      ],
      "mean": 12987.4,
      "std": 1567.0873109051709,
      "min": 10862.0,
      "max": 14983.0,
      "count": 5
    },
    "or_to_llm": {
      "rewards": [
        247.0,
        3777.0,
        3165.0,
        2068.0,
        82.0
      ],
      "mean": 1867.8,
      "std": 1495.588633281224,
      "min": 82.0,
      "max": 3777.0,
      "count": 5
    }
  },
  "errors": {}
}