{
  "instance_dir": "D:\\TextArena\\examples\\initial_synthetic_demand_files\\case2_sudden_shift_cp15",
  "instance_name": "case2_sudden_shift_cp15",
  "promised_lead_time": 4,
  "num_runs_llm": 5,
  "num_runs_deterministic": 1,
  "max_periods": null,
  "results": {
    "or": {
      "rewards": [
        25089.0
      ],
      "mean": 25089.0,
      "std": 0.0,
      "min": 25089.0,
      "max": 25089.0,
      "count": 1
    },
    "llm": {
      "rewards": [
        26451.0,
        26077.0,
        24937.0,
        26890.0,
        26186.0
      ],
      "mean": 26108.2,
      "std": 649.2239675181439,
      "min": 24937.0,
      "max": 26890.0,
      "count": 5
    },
    "simple_llm_to_or": {
      "rewards": [
        27146.0,
        26932.0,
        26640.0,
        26738.0,
        27081.0
      ],
      "mean": 26907.4,
      "std": 193.84075938769948,
      "min": 26640.0,
      "max": 27146.0,
      "count": 5
    },
    "or_to_llm": {
      "rewards": [
        24662.0,
        26373.0,
        24790.0,
        23267.0,
        23194.0
      ],
      "mean": 24457.2,
      "std": 1169.208176502371,
      "min": 23194.0,
      "max": 26373.0,
      "count": 5
    },
    "perfect_score": {
      "rewards": [
        32952.0
      ],
      "mean": 32952.0,
      "std": 0.0,
      "min": 32952.0,
      "max": 32952.0,
      "count": 1
    }
  },
  "errors": {}
}