{
  "instance_dir": "D:\\TextArena\\examples\\initial_synthetic_demand_files\\case2_sudden_shift_cp15",
  "instance_name": "case2_sudden_shift_cp15",
  "promised_lead_time": 4,
  "num_runs": 5,
  "max_periods": null,
  "results": {
    "or": {
      "rewards": [
        11455.0,
        11455.0,
        11455.0,
        11455.0,
        11455.0
      ],
      "mean": 11455.0,
      "std": 0.0,
      "min": 11455.0,
      "max": 11455.0,
      "count": 5
    },
    "llm": {
      "rewards": [
        11524.0,
        11280.0,
        11880.0,
        10960.0,
        11943.0
      ],
      "mean": 11517.4,
      "std": 368.7034580797962,
      "min": 10960.0,
      "max": 11943.0,
      "count": 5
    },
    "llm_to_or": {
      "rewards": [
        11455.0,
        11295.0,
        10974.0,
        12398.0,
        11941.0
      ],
      "mean": 11612.6,
      "std": 501.6407479461771,
      "min": 10974.0,
      "max": 12398.0,
      "count": 5
    },
    "or_to_llm": {
      "rewards": [
        12496.0,
        8924.0,
        12690.0,
        9774.0,
        12137.0
      ],
      "mean": 11204.2,
      "std": 1548.6283479259962,
      "min": 8924.0,
      "max": 12690.0,
      "count": 5
    }
  },
  "errors": {}
}