{
  "instance_dir": "D:\\TextArena\\examples\\initial_synthetic_demand_files\\case2_sudden_shift_cp15",
  "instance_name": "case2_sudden_shift_cp15",
  "promised_lead_time": 4,
  "num_runs": 5,
  "max_periods": null,
  "results": {
    "or": {
      "rewards": [
        2772.0,
        2772.0,
        2772.0,
        2772.0,
        2772.0
      ],
      "mean": 2772.0,
      "std": 0.0,
      "min": 2772.0,
      "max": 2772.0,
      "count": 5
    },
    "llm": {
      "rewards": [
        5402.0,
        1305.0,
        6187.0,
        7597.0,
        3565.0
      ],
      "mean": 4811.2,
      "std": 2183.9873992310486,
      "min": 1305.0,
      "max": 7597.0,
      "count": 5
    },
    "llm_to_or": {
      "rewards": [
        5365.0,
        4135.0,
        4498.0,
        5647.0,
        4897.0
      ],
      "mean": 4908.4,
      "std": 551.4923752872744,
      "min": 4135.0,
      "max": 5647.0,
      "count": 5
    },
    "or_to_llm": {
      "rewards": [
        -1862.0,
        3386.0,
        3245.0,
        5447.0,
        5830.0
      ],
      "mean": 3209.2,
      "std": 2743.208005237663,
      "min": -1862.0,
      "max": 5830.0,
      "count": 5
    }
  },
  "errors": {}
}