{
  "instance_dir": "D:\\TextArena\\examples\\initial_synthetic_demand_files\\case2_sudden_shift_cp15",
  "instance_name": "case2_sudden_shift_cp15",
  "promised_lead_time": 0,
  "num_runs": 5,
  "max_periods": null,
  "results": {
    "or": {
      "rewards": [
        14160.0,
        14160.0,
        14160.0,
        14160.0,
        14160.0
      ],
      "mean": 14160.0,
      "std": 0.0,
      "min": 14160.0,
      "max": 14160.0,
      "count": 5
    },
    "llm": {
      "rewards": [
        15501.0,
        15423.0,
        15337.0,
        15220.0,
        15306.0
      ],
      "mean": 15357.4,
      "std": 96.81033002732714,
      "min": 15220.0,
      "max": 15501.0,
      "count": 5
    },
    "llm_to_or": {
      "rewards": [
        14192.0,
        14807.0,
        15566.0
      ],
      "mean": 14855.0,
      "std": 561.959073242883,
      "min": 14192.0,
      "max": 15566.0,
      "count": 3
    },
    "or_to_llm": {
      "rewards": [
        15758.0,
        15320.0,
        15465.0,
        15715.0,
        15649.0
      ],
      "mean": 15581.4,
      "std": 164.61178572629603,
      "min": 15320.0,
      "max": 15758.0,
      "count": 5
    }
  },
  "errors": {
    "llm_to_or": [
      "Could not extract reward from output. Exit code: 1",
      "Could not extract reward from output. Exit code: 1"
    ]
  }
}