{
  "instance_dir": "D:\\TextArena\\examples\\initial_synthetic_demand_files\\case2_sudden_shift_cp15",
  "instance_name": "case2_sudden_shift_cp15",
  "promised_lead_time": 0,
  "num_runs_llm": 5,
  "num_runs_deterministic": 1,
  "max_periods": null,
  "results": {
    "or": {
      "rewards": [
        30813.0
      ],
      "mean": 30813.0,
      "std": 0.0,
      "min": 30813.0,
      "max": 30813.0,
      "count": 1
    },
    "llm": {
      "rewards": [
        31663.0,
        31387.0,
        31291.0,
        31026.0,
        31274.0
      ],
      "mean": 31328.2,
      "std": 205.52119112149967,
      "min": 31026.0,
      "max": 31663.0,
      "count": 5
    },
    "simple_llm_to_or": {
      "rewards": [
        32178.0,
        32120.0,
        32181.0,
        32080.0
      ],
      "mean": 32139.75,
      "std": 42.204117097742966,
      "min": 32080.0,
      "max": 32181.0,
      "count": 4
    },
    "or_to_llm": {
      "rewards": [
        31847.0,
        32194.0,
        31670.0,
        31957.0,
        32039.0
      ],
      "mean": 31941.4,
      "std": 176.71740152005404,
      "min": 31670.0,
      "max": 32194.0,
      "count": 5
    },
    "perfect_score": {
      "rewards": [
        34652.0
      ],
      "mean": 34652.0,
      "std": 0.0,
      "min": 34652.0,
      "max": 34652.0,
      "count": 1
    }
  },
  "errors": {
    "simple_llm_to_or": [
      "Could not extract reward from output. Exit code: 1"
    ]
  }
}