{
  "instance_dir": "D:\\TextArena\\examples\\initial_synthetic_demand_files\\case4_normal_to_uniform_cp15",
  "instance_name": "case4_normal_to_uniform_cp15",
  "promised_lead_time": 4,
  "num_runs_llm": 5,
  "num_runs_deterministic": 1,
  "max_periods": null,
  "results": {
    "or": {
      "rewards": [
        10022.0
      ],
      "mean": 10022.0,
      "std": 0.0,
      "min": 10022.0,
      "max": 10022.0,
      "count": 1
    },
    "llm": {
      "rewards": [
        8387.0,
        7465.0,
        7934.0,
        8111.0,
        7612.0
      ],
      "mean": 7901.8,
      "std": 333.1662647988238,
      "min": 7465.0,
      "max": 8387.0,
      "count": 5
    },
    "simple_llm_to_or": {
      "rewards": [
        9035.0,
        8391.0,
        8734.0,
        8784.0,
        8859.0
      ],
      "mean": 8760.6,
      "std": 211.11001871062396,
      "min": 8391.0,
      "max": 9035.0,
      "count": 5
    },
    "or_to_llm": {
      "rewards": [
        9194.0,
        9602.0,
        8806.0,
        8582.0,
        9396.0
      ],
      "mean": 9116.0,
      "std": 374.6827991781849,
      "min": 8582.0,
      "max": 9602.0,
      "count": 5
    },
    "perfect_score": {
      "rewards": [
        16256.0
      ],
      "mean": 16256.0,
      "std": 0.0,
      "min": 16256.0,
      "max": 16256.0,
      "count": 1
    }
  },
  "errors": {}
}