{
  "instance_dir": "D:\\TextArena\\examples\\initial_synthetic_demand_files\\case4_normal_to_uniform_cp15",
  "instance_name": "case4_normal_to_uniform_cp15",
  "promised_lead_time": 0,
  "num_runs_llm": 5,
  "num_runs_deterministic": 1,
  "max_periods": null,
  "results": {
    "or": {
      "rewards": [
        14339.0
      ],
      "mean": 14339.0,
      "std": 0.0,
      "min": 14339.0,
      "max": 14339.0,
      "count": 1
    },
    "llm": {
      "rewards": [
        13400.0,
        13602.0,
        13359.0,
        13145.0,
        13275.0
      ],
      "mean": 13356.2,
      "std": 150.69359641338448,
      "min": 13145.0,
      "max": 13602.0,
      "count": 5
    },
    "simple_llm_to_or": {
      "rewards": [
        14174.0,
        13917.0,
        13902.0,
        14162.0,
        14029.0
      ],
      "mean": 14036.8,
      "std": 115.8298752481414,
      "min": 13902.0,
      "max": 14174.0,
      "count": 5
    },
    "or_to_llm": {
      "rewards": [
        13725.0,
        14215.0,
        14327.0,
        13868.0,
        14323.0
      ],
      "mean": 14091.6,
      "std": 248.42672964075345,
      "min": 13725.0,
      "max": 14327.0,
      "count": 5
    },
    "perfect_score": {
      "rewards": [
        17772.0
      ],
      "mean": 17772.0,
      "std": 0.0,
      "min": 17772.0,
      "max": 17772.0,
      "count": 1
    }
  },
  "errors": {}
}