{
  "instance_dir": "D:\\TextArena\\examples\\initial_synthetic_demand_files\\case4_normal_to_uniform_cp15",
  "instance_name": "case4_normal_to_uniform_cp15",
  "promised_lead_time": 2,
  "num_runs": 5,
  "max_periods": null,
  "results": {
    "or": {
      "rewards": [
        401.0,
        401.0,
        401.0,
        401.0,
        401.0
      ],
      "mean": 401.0,
      "std": 0.0,
      "min": 401.0,
      "max": 401.0,
      "count": 5
    },
    "llm": {
      "rewards": [
        885.0,
        2082.0,
        2566.0,
        -5196.0,
        1670.0
      ],
      "mean": 401.4,
      "std": 2852.508061338302,
      "min": -5196.0,
      "max": 2566.0,
      "count": 5
    },
    "llm_to_or": {
      "rewards": [
        749.0,
        767.0,
        859.0,
        1303.0,
        736.0
      ],
      "mean": 882.8,
      "std": 214.47461388238935,
      "min": 736.0,
      "max": 1303.0,
      "count": 5
    },
    "or_to_llm": {
      "rewards": [
        347.0,
        -2461.0,
        2044.0,
        -3675.0,
        -1633.0
      ],
      "mean": -1075.6,
      "std": 2036.7917517507774,
      "min": -3675.0,
      "max": 2044.0,
      "count": 5
    }
  },
  "errors": {}
}