{
  "instance_dir": "D:\\TextArena\\examples\\initial_synthetic_demand_files\\case4_normal_to_uniform_cp15",
  "instance_name": "case4_normal_to_uniform_cp15",
  "promised_lead_time": 0,
  "num_runs": 5,
  "max_periods": null,
  "results": {
    "or": {
      "rewards": [
        6182.0,
        6182.0,
        6182.0,
        6182.0,
        6182.0
      ],
      "mean": 6182.0,
      "std": 0.0,
      "min": 6182.0,
      "max": 6182.0,
      "count": 5
    },
    "llm": {
      "rewards": [
        5971.0,
        6008.0,
        6182.0,
        5830.0,
        5893.0
      ],
      "mean": 5976.8,
      "std": 119.73871554346991,
      "min": 5830.0,
      "max": 6182.0,
      "count": 5
    },
    "llm_to_or": {
      "rewards": [
        6136.0,
        6185.0,
        6177.0,
        6185.0
      ],
      "mean": 6170.75,
      "std": 20.327014045353536,
      "min": 6136.0,
      "max": 6185.0,
      "count": 4
    },
    "or_to_llm": {
      "rewards": [
        5981.0,
        6176.0,
        6222.0,
        6164.0,
        6214.0
      ],
      "mean": 6151.4,
      "std": 87.98090701964831,
      "min": 5981.0,
      "max": 6222.0,
      "count": 5
    }
  },
  "errors": {
    "llm_to_or": [
      "Script timed out after 20 minutes"
    ]
  }
}