{
  "instance_dir": "D:\\TextArena\\examples\\initial_synthetic_demand_files\\case4_normal_to_uniform_cp15",
  "instance_name": "case4_normal_to_uniform_cp15",
  "promised_lead_time": 4,
  "num_runs": 5,
  "max_periods": null,
  "results": {
    "or": {
      "rewards": [
        3059.0,
        3059.0,
        3059.0,
        3059.0,
        3059.0
      ],
      "mean": 3059.0,
      "std": 0.0,
      "min": 3059.0,
      "max": 3059.0,
      "count": 5
    },
    "llm": {
      "rewards": [
        372.0,
        830.0,
        1242.0,
        198.0,
        2119.0
      ],
      "mean": 952.2,
      "std": 687.8646378467205,
      "min": 198.0,
      "max": 2119.0,
      "count": 5
    },
    "llm_to_or": {
      "rewards": [
        2854.0,
        2854.0,
        3025.0,
        3150.0
      ],
      "mean": 2970.75,
      "std": 124.83464062510855,
      "min": 2854.0,
      "max": 3150.0,
      "count": 4
    },
    "or_to_llm": {
      "rewards": [
        2640.0,
        2353.0,
        146.0,
        1179.0,
        1263.0
      ],
      "mean": 1516.2,
      "std": 896.4845564760165,
      "min": 146.0,
      "max": 2640.0,
      "count": 5
    }
  },
  "errors": {
    "llm_to_or": [
      "Could not extract reward from output. Exit code: 1"
    ]
  }
}