{
  "instance_dir": "D:\\TextArena\\examples\\H&M_instances\\weekly_H&M_instances\\464297007",
  "instance_name": "464297007",
  "promised_lead_time": 0,
  "num_runs_llm": 5,
  "num_runs_deterministic": 1,
  "max_periods": null,
  "results": {
    "or": {
      "rewards": [
        38591.0
      ],
      "mean": 38591.0,
      "std": 0.0,
      "min": 38591.0,
      "max": 38591.0,
      "count": 1
    },
    "llm": {
      "rewards": [
        36404.0,
        36077.0,
        36772.0,
        36648.0,
        36297.0
      ],
      "mean": 36439.6,
      "std": 247.7907181473915,
      "min": 36077.0,
      "max": 36772.0,
      "count": 5
    },
    "simple_llm_to_or": {
      "rewards": [
        37449.0,
        37429.0,
        37316.0,
        37123.0
      ],
      "mean": 37329.25,
      "std": 129.4263786868813,
      "min": 37123.0,
      "max": 37449.0,
      "count": 4
    },
    "or_to_llm": {
      "rewards": [
        38109.0,
        39079.0,
        38170.0,
        38640.0,
        39075.0
      ],
      "mean": 38614.6,
      "std": 419.9002738746427,
      "min": 38109.0,
      "max": 39079.0,
      "count": 5
    },
    "perfect_score": {
      "rewards": [
        47144.0
      ],
      "mean": 47144.0,
      "std": 0.0,
      "min": 47144.0,
      "max": 47144.0,
      "count": 1
    }
  },
  "errors": {
    "simple_llm_to_or": [
      "Could not extract reward from output. Exit code: 1"
    ]
  }
}