{
  "instance_dir": "D:\\TextArena\\examples\\H&M_instances\\weekly_H&M_instances\\464297007",
  "instance_name": "464297007",
  "promised_lead_time": 4,
  "num_runs": 5,
  "max_periods": null,
  "results": {
    "or": {
      "rewards": [
        9136.0,
        9136.0,
        9136.0,
        9136.0,
        9136.0
      ],
      "mean": 9136.0,
      "std": 0.0,
      "min": 9136.0,
      "max": 9136.0,
      "count": 5
    },
    "llm": {
      "rewards": [
        2783.0,
        6067.0,
        6607.0,
        4853.0,
        3466.0
      ],
      "mean": 4755.2,
      "std": 1463.636348277809,
      "min": 2783.0,
      "max": 6607.0,
      "count": 5
    },
    "llm_to_or": {
      "rewards": [
        8768.0,
        8314.0,
        8004.0,
        5143.0,
        4469.0
      ],
      "mean": 6939.6,
      "std": 1771.8129246621947,
      "min": 4469.0,
      "max": 8768.0,
      "count": 5
    },
    "or_to_llm": {
      "rewards": [
        9283.0,
        3846.0,
        4589.0,
        10044.0,
        10616.0
      ],
      "mean": 7675.6,
      "std": 2864.6794305820677,
      "min": 3846.0,
      "max": 10616.0,
      "count": 5
    }
  },
  "errors": {}
}