{
  "instance_dir": "D:\\TextArena\\examples\\H&M_instances\\weekly_H&M_instances\\464297007",
  "instance_name": "464297007",
  "promised_lead_time": 0,
  "num_runs": 5,
  "max_periods": null,
  "results": {
    "or": {
      "rewards": [
        17008.0,
        17008.0,
        17008.0,
        17008.0,
        17008.0
      ],
      "mean": 17008.0,
      "std": 0.0,
      "min": 17008.0,
      "max": 17008.0,
      "count": 5
    },
    "llm": {
      "rewards": [
        16866.0,
        16720.0,
        16854.0,
        16517.0,
        17349.0
      ],
      "mean": 16861.2,
      "std": 274.3846934506369,
      "min": 16517.0,
      "max": 17349.0,
      "count": 5
    },
    "llm_to_or": {
      "rewards": [
        16978.0,
        16382.0,
        16970.0,
        16927.0,
        17008.0
      ],
      "mean": 16853.0,
      "std": 236.92023974325198,
      "min": 16382.0,
      "max": 17008.0,
      "count": 5
    },
    "or_to_llm": {
      "rewards": [
        17040.0,
        17330.0,
        16963.0,
        17287.0,
        17413.0
      ],
      "mean": 17206.6,
      "std": 174.00528727599055,
      "min": 16963.0,
      "max": 17413.0,
      "count": 5
    }
  },
  "errors": {}
}