{
  "instance_dir": "D:\\TextArena\\examples\\H&M_instances\\weekly_H&M_instances\\464297007",
  "instance_name": "464297007",
  "promised_lead_time": 2,
  "num_runs": 5,
  "max_periods": null,
  "results": {
    "or": {
      "rewards": [
        4056.0,
        4056.0,
        4056.0,
        4056.0,
        4056.0
      ],
      "mean": 4056.0,
      "std": 0.0,
      "min": 4056.0,
      "max": 4056.0,
      "count": 5
    },
    "llm": {
      "rewards": [
        5424.0,
        5110.0,
        5364.0,
        6587.0,
        5764.0
      ],
      "mean": 5649.8,
      "std": 512.9204226778263,
      "min": 5110.0,
      "max": 6587.0,
      "count": 5
    },
    "llm_to_or": {
      "rewards": [
        5345.0,
        5172.0,
        6361.0,
        5771.0,
        4771.0
      ],
      "mean": 5484.0,
      "std": 543.4210154199044,
      "min": 4771.0,
      "max": 6361.0,
      "count": 5
    },
    "or_to_llm": {
      "rewards": [
        3581.0,
        3689.0,
        3695.0,
        4750.0,
        5851.0
      ],
      "mean": 4313.2,
      "std": 879.0377466298021,
      "min": 3581.0,
      "max": 5851.0,
      "count": 5
    }
  },
  "errors": {}
}