{
  "overall_stats": {
    "llm": {
      "mean": 12203.4,
      "std": 1181.5402828511603,
      "min": 10355.0,
      "max": 13797.0,
      "count": 5
    },
    "or": {
      "mean": 7781.0,
      "std": 0.0,
      "min": 7781.0,
      "max": 7781.0,
      "count": 5
    },
    "or_to_llm": {
      "mean": 12892.8,
      "std": 1225.3772317127489,
      "min": 10511.0,
      "max": 14015.0,
      "count": 5
    }
  },
  "per_instance": {
    "599580017": {
      "llm": {
        "rewards": [
          12549.0,
          11487.0,
          13797.0,
          10355.0,
          12829.0
        ],
        "mean": 12203.4,
        "std": 1181.5402828511603,
        "min": 10355.0,
        "max": 13797.0,
        "count": 5
      },
      "or": {
        "rewards": [
          7781.0,
          7781.0,
          7781.0,
          7781.0,
          7781.0
        ],
        "mean": 7781.0,
        "std": 0.0,
        "min": 7781.0,
        "max": 7781.0,
        "count": 5
      },
      "or_to_llm": {
        "rewards": [
          10511.0,
          13142.0,
          13360.0,
          13436.0,
          14015.0
        ],
        "mean": 12892.8,
        "std": 1225.3772317127489,
        "min": 10511.0,
        "max": 14015.0,
        "count": 5
      }
    }
  },
  "errors": {
    "llm": {},
    "or": {},
    "or_to_llm": {}
  }
}