{
  "overall_stats": {
    "llm": {
      "mean": 12612.566666666668,
      "std": 5603.307646282586,
      "min": 1399.0,
      "max": 25599.0,
      "count": 30
    },
    "llm_to_or": {
      "mean": 12832.233333333334,
      "std": 8478.179221520515,
      "min": 113.0,
      "max": 27371.0,
      "count": 30
    },
    "or": {
      "mean": 12486.666666666666,
      "std": 8618.645034007504,
      "min": 798.0,
      "max": 26229.0,
      "count": 30
    },
    "or_to_llm": {
      "mean": 11865.733333333334,
      "std": 5736.814905696559,
      "min": 649.0,
      "max": 25438.0,
      "count": 30
    }
  },
  "per_instance": {
    "372860001": {
      "llm": {
        "rewards": [
          14389.0,
          16143.0,
          15823.0,
          15710.0,
          14810.0
        ],
        "mean": 15375.0,
        "std": 662.4460732769121,
        "min": 14389.0,
        "max": 16143.0,
        "count": 5
      },
      "llm_to_or": {
        "rewards": [
          19064.0,
          19253.0,
          19229.0,
          19318.0,
          19136.0
        ],
        "mean": 19200.0,
        "std": 89.62812058723534,
        "min": 19064.0,
        "max": 19318.0,
        "count": 5
      },
      "or": {
        "rewards": [
          19064.0,
          19064.0,
          19064.0,
          19064.0,
          19064.0
        ],
        "mean": 19064.0,
        "std": 0.0,
        "min": 19064.0,
        "max": 19064.0,
        "count": 5
      },
      "or_to_llm": {
        "rewards": [
          14555.0,
          14673.0,
          15034.0,
          14188.0,
          14269.0
        ],
        "mean": 14543.8,
        "std": 303.05867418702934,
        "min": 14188.0,
        "max": 15034.0,
        "count": 5
      }
    },
    "464297007": {
      "llm": {
        "rewards": [
          11020.0,
          8606.0,
          9431.0,
          9619.0,
          9657.0
        ],
        "mean": 9666.6,
        "std": 776.4572364270939,
        "min": 8606.0,
        "max": 11020.0,
        "count": 5
      },
      "llm_to_or": {
        "rewards": [
          13417.0,
          11903.0,
          13417.0,
          13171.0,
          11776.0
        ],
        "mean": 12736.8,
        "std": 739.2202378182026,
        "min": 11776.0,
        "max": 13417.0,
        "count": 5
      },
      "or": {
        "rewards": [
          13417.0,
          13417.0,
          13417.0,
          13417.0,
          13417.0
        ],
        "mean": 13417.0,
        "std": 0.0,
        "min": 13417.0,
        "max": 13417.0,
        "count": 5
      },
      "or_to_llm": {
        "rewards": [
          9798.0,
          10294.0,
          11847.0,
          10042.0,
          10279.0
        ],
        "mean": 10452.0,
        "std": 720.6572000611663,
        "min": 9798.0,
        "max": 11847.0,
        "count": 5
      }
    },
    "568601006": {
      "llm": {
        "rewards": [
          9406.0,
          9016.0,
          9464.0,
          10457.0,
          10452.0
        ],
        "mean": 9759.0,
        "std": 588.4107408944877,
        "min": 9016.0,
        "max": 10457.0,
        "count": 5
      },
      "llm_to_or": {
        "rewards": [
          12175.0,
          11217.0,
          11665.0,
          12066.0,
          11726.0
        ],
        "mean": 11769.8,
        "std": 337.7605068684023,
        "min": 11217.0,
        "max": 12175.0,
        "count": 5
      },
      "or": {
        "rewards": [
          11603.0,
          11603.0,
          11603.0,
          11603.0,
          11603.0
        ],
        "mean": 11603.0,
        "std": 0.0,
        "min": 11603.0,
        "max": 11603.0,
        "count": 5
      },
      "or_to_llm": {
        "rewards": [
          9051.0,
          9196.0,
          8369.0,
          8893.0,
          9304.0
        ],
        "mean": 8962.6,
        "std": 327.4291373717373,
        "min": 8369.0,
        "max": 9304.0,
        "count": 5
      }
    },
    "599580017": {
      "llm": {
        "rewards": [
          5084.0,
          9665.0,
          9325.0,
          1399.0,
          11776.0
        ],
        "mean": 7449.8,
        "std": 3724.209521495803,
        "min": 1399.0,
        "max": 11776.0,
        "count": 5
      },
      "llm_to_or": {
        "rewards": [
          116.0,
          267.0,
          851.0,
          1252.0,
          113.0
        ],
        "mean": 519.8,
        "std": 455.68822675158066,
        "min": 113.0,
        "max": 1252.0,
        "count": 5
      },
      "or": {
        "rewards": [
          798.0,
          798.0,
          798.0,
          798.0,
          798.0
        ],
        "mean": 798.0,
        "std": 0.0,
        "min": 798.0,
        "max": 798.0,
        "count": 5
      },
      "or_to_llm": {
        "rewards": [
          7274.0,
          5594.0,
          5783.0,
          649.0,
          6961.0
        ],
        "mean": 5252.2,
        "std": 2391.4722996514092,
        "min": 649.0,
        "max": 7274.0,
        "count": 5
      }
    },
    "610776002": {
      "llm": {
        "rewards": [
          11015.0,
          9520.0,
          8177.0,
          10735.0,
          11741.0
        ],
        "mean": 10237.6,
        "std": 1254.8299645768743,
        "min": 8177.0,
        "max": 11741.0,
        "count": 5
      },
      "llm_to_or": {
        "rewards": [
          3457.0,
          8325.0,
          7785.0,
          4379.0,
          6983.0
        ],
        "mean": 6185.8,
        "std": 1922.4994564368542,
        "min": 3457.0,
        "max": 8325.0,
        "count": 5
      },
      "or": {
        "rewards": [
          3809.0,
          3809.0,
          3809.0,
          3809.0,
          3809.0
        ],
        "mean": 3809.0,
        "std": 0.0,
        "min": 3809.0,
        "max": 3809.0,
        "count": 5
      },
      "or_to_llm": {
        "rewards": [
          8030.0,
          8925.0,
          9438.0,
          9897.0,
          9913.0
        ],
        "mean": 9240.6,
        "std": 705.2808235022414,
        "min": 8030.0,
        "max": 9913.0,
        "count": 5
      }
    },
    "706016001": {
      "llm": {
        "rewards": [
          22597.0,
          23875.0,
          23529.0,
          25599.0,
          20337.0
        ],
        "mean": 23187.4,
        "std": 1725.0305040781163,
        "min": 20337.0,
        "max": 25599.0,
        "count": 5
      },
      "llm_to_or": {
        "rewards": [
          26848.0,
          27371.0,
          26229.0,
          26229.0,
          26229.0
        ],
        "mean": 26581.2,
        "std": 461.97419841372096,
        "min": 26229.0,
        "max": 27371.0,
        "count": 5
      },
      "or": {
        "rewards": [
          26229.0,
          26229.0,
          26229.0,
          26229.0,
          26229.0
        ],
        "mean": 26229.0,
        "std": 0.0,
        "min": 26229.0,
        "max": 26229.0,
        "count": 5
      },
      "or_to_llm": {
        "rewards": [
          20232.0,
          20923.0,
          25438.0,
          24482.0,
          22641.0
        ],
        "mean": 22743.2,
        "std": 1995.7490222971426,
        "min": 20232.0,
        "max": 25438.0,
        "count": 5
      }
    }
  },
  "errors": {
    "llm": {},
    "llm_to_or": {},
    "or": {},
    "or_to_llm": {}
  }
}