{
  "instance_dir": "D:\\TextArena\\examples\\initial_synthetic_demand_files\\case3_increasing",
  "instance_name": "case3_increasing",
  "promised_lead_time": 0,
  "num_runs_llm": 5,
  "num_runs_deterministic": 1,
  "max_periods": null,
  "results": {
    "or": {
      "rewards": [
        350752.0
      ],
      "mean": 350752.0,
      "std": 0.0,
      "min": 350752.0,
      "max": 350752.0,
      "count": 1
    },
    "llm": {
      "rewards": [
        471372.0,
        475156.0,
        475652.0,
        477288.0,
        471528.0
      ],
      "mean": 474199.2,
      "std": 2353.514342424962,
      "min": 471372.0,
      "max": 477288.0,
      "count": 5
    },
    "simple_llm_to_or": {
      "rewards": [
        476106.0,
        476765.0,
        475973.0,
        474943.0,
        476152.0
      ],
      "mean": 475987.8,
      "std": 589.372344108544,
      "min": 474943.0,
      "max": 476765.0,
      "count": 5
    },
    "or_to_llm": {
      "rewards": [
        463432.0,
        450482.0,
        448065.0,
        451265.0,
        462921.0
      ],
      "mean": 455233.0,
      "std": 6573.069206999116,
      "min": 448065.0,
      "max": 463432.0,
      "count": 5
    },
    "perfect_score": {
      "rewards": [
        509056.0
      ],
      "mean": 509056.0,
      "std": 0.0,
      "min": 509056.0,
      "max": 509056.0,
      "count": 1
    }
  },
  "errors": {}
}