{
  "instance_dir": "D:\\TextArena\\examples\\initial_synthetic_demand_files\\case3_increasing",
  "instance_name": "case3_increasing",
  "promised_lead_time": 4,
  "num_runs": 5,
  "max_periods": null,
  "results": {
    "or": {
      "rewards": [
        114178.0,
        114178.0,
        114178.0,
        114178.0,
        114178.0
      ],
      "mean": 114178.0,
      "std": 0.0,
      "min": 114178.0,
      "max": 114178.0,
      "count": 5
    },
    "llm": {
      "rewards": [
        203541.0,
        192034.0,
        198535.0,
        202589.0,
        205376.0
      ],
      "mean": 200415.0,
      "std": 4751.530995374017,
      "min": 192034.0,
      "max": 205376.0,
      "count": 5
    },
    "llm_to_or": {
      "rewards": [
        114178.0,
        208894.0,
        173025.0,
        209052.0,
        207861.0
      ],
      "mean": 182602.0,
      "std": 36884.82492841738,
      "min": 114178.0,
      "max": 209052.0,
      "count": 5
    },
    "or_to_llm": {
      "rewards": [
        182951.0,
        192308.0,
        199767.0,
        189119.0,
        195002.0
      ],
      "mean": 191829.4,
      "std": 5647.516218657544,
      "min": 182951.0,
      "max": 199767.0,
      "count": 5
    }
  },
  "errors": {}
}