{
  "instance_dir": "D:\\TextArena\\examples\\initial_synthetic_demand_files\\case3_increasing",
  "instance_name": "case3_increasing",
  "promised_lead_time": 0,
  "num_runs": 5,
  "max_periods": null,
  "results": {
    "or": {
      "rewards": [
        143326.0,
        143326.0,
        143326.0,
        143326.0,
        143326.0
      ],
      "mean": 143326.0,
      "std": 0.0,
      "min": 143326.0,
      "max": 143326.0,
      "count": 5
    },
    "llm": {
      "rewards": [
        240736.0,
        235615.0,
        238381.0,
        230245.0,
        235595.0
      ],
      "mean": 236114.4,
      "std": 3506.1573039440204,
      "min": 230245.0,
      "max": 240736.0,
      "count": 5
    },
    "llm_to_or": {
      "rewards": [
        234973.0,
        224379.0,
        190176.0
      ],
      "mean": 216509.33333333334,
      "std": 19116.163184302673,
      "min": 190176.0,
      "max": 234973.0,
      "count": 3
    },
    "or_to_llm": {
      "rewards": [
        235564.0,
        236177.0,
        225835.0,
        231640.0,
        221743.0
      ],
      "mean": 230191.8,
      "std": 5606.145963137243,
      "min": 221743.0,
      "max": 236177.0,
      "count": 5
    }
  },
  "errors": {
    "llm_to_or": [
      "Could not extract reward from output. Exit code: 1",
      "Could not extract reward from output. Exit code: 1"
    ]
  }
}