{
  "instance_dir": "D:\\TextArena\\examples\\initial_synthetic_demand_files\\case3_increasing",
  "instance_name": "case3_increasing",
  "promised_lead_time": 4,
  "num_runs": 5,
  "max_periods": null,
  "results": {
    "or": {
      "rewards": [
        46880.0,
        46880.0,
        46880.0,
        46880.0,
        46880.0
      ],
      "mean": 46880.0,
      "std": 0.0,
      "min": 46880.0,
      "max": 46880.0,
      "count": 5
    },
    "llm": {
      "rewards": [
        114428.0,
        78485.0,
        116469.0,
        66899.0,
        100227.0
      ],
      "mean": 95301.6,
      "std": 19634.883687967187,
      "min": 66899.0,
      "max": 116469.0,
      "count": 5
    },
    "llm_to_or": {
      "rewards": [
        103438.0,
        90941.0,
        102694.0,
        97776.0
      ],
      "mean": 98712.25,
      "std": 4986.379867950295,
      "min": 90941.0,
      "max": 103438.0,
      "count": 4
    },
    "or_to_llm": {
      "rewards": [
        27695.0,
        119164.0,
        65927.0,
        92538.0,
        38497.0
      ],
      "mean": 68764.2,
      "std": 33811.730789180256,
      "min": 27695.0,
      "max": 119164.0,
      "count": 5
    }
  },
  "errors": {
    "llm_to_or": [
      "Log file not found: examples/initial_synthetic_demand_files/case3_increasing\\llm_to_or_1.txt"
    ]
  }
}