{
  "instance_dir": "D:\\TextArena\\examples\\initial_synthetic_demand_files\\case1_iid_normal",
  "instance_name": "case1_iid_normal",
  "promised_lead_time": 4,
  "num_runs": 5,
  "max_periods": null,
  "results": {
    "or": {
      "rewards": [
        6900.0,
        6900.0,
        6900.0,
        6900.0,
        6900.0
      ],
      "mean": 6900.0,
      "std": 0.0,
      "min": 6900.0,
      "max": 6900.0,
      "count": 5
    },
    "llm": {
      "rewards": [
        5389.0,
        5369.0,
        5526.0,
        5379.0,
        5688.0
      ],
      "mean": 5470.2,
      "std": 123.04698289677808,
      "min": 5369.0,
      "max": 5688.0,
      "count": 5
    },
    "llm_to_or": {
      "rewards": [
        6616.0,
        6900.0,
        6900.0,
        6900.0,
        6690.0
      ],
      "mean": 6801.2,
      "std": 123.24674437890843,
      "min": 6616.0,
      "max": 6900.0,
      "count": 5
    },
    "or_to_llm": {
      "rewards": [
        6713.0,
        6431.0,
        6525.0,
        6463.0,
        6086.0
      ],
      "mean": 6443.6,
      "std": 203.77202948393088,
      "min": 6086.0,
      "max": 6713.0,
      "count": 5
    }
  },
  "errors": {}
}