{
  "instance_dir": "D:\\TextArena\\examples\\initial_synthetic_demand_files\\case1_iid_normal",
  "instance_name": "case1_iid_normal",
  "promised_lead_time": 2,
  "num_runs": 5,
  "max_periods": null,
  "results": {
    "or": {
      "rewards": [
        1439.0,
        1439.0,
        1439.0,
        1439.0,
        1439.0
      ],
      "mean": 1439.0,
      "std": 0.0,
      "min": 1439.0,
      "max": 1439.0,
      "count": 5
    },
    "llm": {
      "rewards": [
        1081.0,
        1481.0,
        1426.0,
        1961.0,
        -431.0
      ],
      "mean": 1103.6,
      "std": 816.9473912070471,
      "min": -431.0,
      "max": 1961.0,
      "count": 5
    },
    "llm_to_or": {
      "rewards": [
        826.0,
        1094.0,
        1473.0,
        1332.0,
        1520.0
      ],
      "mean": 1249.0,
      "std": 258.2479428766084,
      "min": 826.0,
      "max": 1520.0,
      "count": 5
    },
    "or_to_llm": {
      "rewards": [
        808.0,
        902.0,
        1409.0,
        1327.0,
        1551.0
      ],
      "mean": 1199.4,
      "std": 291.7112270722538,
      "min": 808.0,
      "max": 1551.0,
      "count": 5
    }
  },
  "errors": {}
}