{
  "instance_dir": "D:\\TextArena\\examples\\initial_synthetic_demand_files\\case1_iid_normal",
  "instance_name": "case1_iid_normal",
  "promised_lead_time": 0,
  "num_runs_llm": 5,
  "num_runs_deterministic": 1,
  "max_periods": null,
  "results": {
    "or": {
      "rewards": [
        19178.0
      ],
      "mean": 19178.0,
      "std": 0.0,
      "min": 19178.0,
      "max": 19178.0,
      "count": 1
    },
    "llm": {
      "rewards": [
        18486.0,
        18395.0,
        18560.0,
        18406.0,
        18715.0
      ],
      "mean": 18512.4,
      "std": 117.56972399389225,
      "min": 18395.0,
      "max": 18715.0,
      "count": 5
    },
    "simple_llm_to_or": {
      "rewards": [
        19128.0,
        19104.0,
        19120.0,
        19032.0,
        19038.0
      ],
      "mean": 19084.4,
      "std": 41.11252850409471,
      "min": 19032.0,
      "max": 19128.0,
      "count": 5
    },
    "or_to_llm": {
      "rewards": [
        19122.0,
        18983.0,
        19134.0,
        19097.0,
        18991.0
      ],
      "mean": 19065.4,
      "std": 65.16624893301747,
      "min": 18983.0,
      "max": 19134.0,
      "count": 5
    },
    "perfect_score": {
      "rewards": [
        20460.0
      ],
      "mean": 20460.0,
      "std": 0.0,
      "min": 20460.0,
      "max": 20460.0,
      "count": 1
    }
  },
  "errors": {}
}