{
  "instance_dir": "D:\\TextArena\\examples\\initial_synthetic_demand_files\\case1_iid_normal",
  "instance_name": "case1_iid_normal",
  "promised_lead_time": 4,
  "num_runs_llm": 5,
  "num_runs_deterministic": 1,
  "max_periods": null,
  "results": {
    "or": {
      "rewards": [
        15692.0
      ],
      "mean": 15692.0,
      "std": 0.0,
      "min": 15692.0,
      "max": 15692.0,
      "count": 1
    },
    "llm": {
      "rewards": [
        13600.0,
        14056.0,
        14523.0,
        14306.0,
        14325.0
      ],
      "mean": 14162.0,
      "std": 317.7124486072272,
      "min": 13600.0,
      "max": 14523.0,
      "count": 5
    },
    "simple_llm_to_or": {
      "rewards": [
        15338.0,
        14424.0,
        15019.0,
        14534.0,
        14490.0
      ],
      "mean": 14761.0,
      "std": 357.2203801576836,
      "min": 14424.0,
      "max": 15338.0,
      "count": 5
    },
    "or_to_llm": {
      "rewards": [
        15390.0,
        15154.0,
        15682.0,
        15380.0,
        14837.0
      ],
      "mean": 15288.6,
      "std": 281.2327150244082,
      "min": 14837.0,
      "max": 15682.0,
      "count": 5
    },
    "perfect_score": {
      "rewards": [
        18760.0
      ],
      "mean": 18760.0,
      "std": 0.0,
      "min": 18760.0,
      "max": 18760.0,
      "count": 1
    }
  },
  "errors": {}
}