{
  "instance_dir": "D:\\TextArena\\examples\\H&M_instances\\weekly_H&M_instances\\610776002",
  "instance_name": "610776002",
  "promised_lead_time": 4,
  "num_runs": 5,
  "max_periods": null,
  "results": {
    "or": {
      "rewards": [
        9131.0,
        9131.0,
        9131.0,
        9131.0,
        9131.0
      ],
      "mean": 9131.0,
      "std": 0.0,
      "min": 9131.0,
      "max": 9131.0,
      "count": 5
    },
    "llm": {
      "rewards": [
        2597.0,
        5114.0,
        1035.0,
        1039.0,
        2162.0
      ],
      "mean": 2389.4,
      "std": 1495.0741252526577,
      "min": 1035.0,
      "max": 5114.0,
      "count": 5
    },
    "llm_to_or": {
      "rewards": [
        9131.0,
        9466.0,
        489.0,
        1591.0,
        3405.0
      ],
      "mean": 4816.4,
      "std": 3777.7294556386646,
      "min": 489.0,
      "max": 9466.0,
      "count": 5
    },
    "or_to_llm": {
      "rewards": [
        1685.0,
        2986.0,
        4292.0,
        62.0,
        1246.0
      ],
      "mean": 2054.2,
      "std": 1458.379703643739,
      "min": 62.0,
      "max": 4292.0,
      "count": 5
    }
  },
  "errors": {}
}