{
  "instance_dir": "D:\\TextArena\\examples\\H&M_instances\\weekly_H&M_instances\\610776002",
  "instance_name": "610776002",
  "promised_lead_time": 4,
  "num_runs": 5,
  "max_periods": null,
  "results": {
    "or": {
      "rewards": [
        -9131.0,
        -9131.0,
        -9131.0,
        -9131.0,
        -9131.0
      ],
      "mean": -9131.0,
      "std": 0.0,
      "min": -9131.0,
      "max": -9131.0,
      "count": 5
    },
    "llm": {
      "rewards": [
        2205.0,
        2760.0,
        -2011.0,
        2640.0,
        1782.0
      ],
      "mean": 1475.2,
      "std": 1776.9521546738392,
      "min": -2011.0,
      "max": 2760.0,
      "count": 5
    },
    "llm_to_or": {
      "rewards": [
        -8823.0,
        -7193.0,
        433.0,
        3308.0,
        -10689.0
      ],
      "mean": -4592.8,
      "std": 5468.100086867467,
      "min": -10689.0,
      "max": 3308.0,
      "count": 5
    },
    "or_to_llm": {
      "rewards": [
        -9160.0,
        5629.0,
        -4075.0,
        111.0,
        336.0
      ],
      "mean": -1431.8,
      "std": 4941.089491195236,
      "min": -9160.0,
      "max": 5629.0,
      "count": 5
    }
  },
  "errors": {}
}