{
  "instance_dir": "D:\\TextArena\\examples\\H&M_instances\\weekly_H&M_instances\\610776002",
  "instance_name": "610776002",
  "promised_lead_time": 2,
  "num_runs": 5,
  "max_periods": null,
  "results": {
    "or": {
      "rewards": [
        3013.0,
        3013.0,
        3013.0,
        3013.0,
        3013.0
      ],
      "mean": 3013.0,
      "std": 0.0,
      "min": 3013.0,
      "max": 3013.0,
      "count": 5
    },
    "llm": {
      "rewards": [
        5820.0,
        -31470.0,
        3390.0,
        -1250.0,
        8678.0
      ],
      "mean": -2966.4,
      "std": 14619.151406288944,
      "min": -31470.0,
      "max": 8678.0,
      "count": 5
    },
    "llm_to_or": {
      "rewards": [
        3559.0,
        2971.0,
        4951.0,
        3113.0,
        2565.0
      ],
      "mean": 3431.8,
      "std": 823.3420674300567,
      "min": 2565.0,
      "max": 4951.0,
      "count": 5
    },
    "or_to_llm": {
      "rewards": [
        6304.0,
        5359.0,
        5051.0,
        7061.0,
        3546.0
      ],
      "mean": 5464.2,
      "std": 1193.0068566441687,
      "min": 3546.0,
      "max": 7061.0,
      "count": 5
    }
  },
  "errors": {}
}