{
  "instance_dir": "D:\\TextArena\\examples\\H&M_instances\\weekly_H&M_instances\\610776002",
  "instance_name": "610776002",
  "promised_lead_time": 4,
  "num_runs_llm": 5,
  "num_runs_deterministic": 1,
  "max_periods": null,
  "results": {
    "or": {
      "rewards": [
        4503.0
      ],
      "mean": 4503.0,
      "std": 0.0,
      "min": 4503.0,
      "max": 4503.0,
      "count": 1
    },
    "llm": {
      "rewards": [
        19222.0,
        17968.0,
        18925.0,
        18951.0,
        16473.0
      ],
      "mean": 18307.8,
      "std": 1011.1734569301154,
      "min": 16473.0,
      "max": 19222.0,
      "count": 5
    },
    "simple_llm_to_or": {
      "rewards": [
        14990.0,
        17239.0,
        16888.0,
        15319.0,
        18337.0
      ],
      "mean": 16554.6,
      "std": 1243.4781220431664,
      "min": 14990.0,
      "max": 18337.0,
      "count": 5
    },
    "or_to_llm": {
      "rewards": [
        15897.0,
        15117.0,
        8551.0,
        17343.0,
        17659.0
      ],
      "mean": 14913.4,
      "std": 3314.523531369177,
      "min": 8551.0,
      "max": 17659.0,
      "count": 5
    },
    "perfect_score": {
      "rewards": [
        38068.0
      ],
      "mean": 38068.0,
      "std": 0.0,
      "min": 38068.0,
      "max": 38068.0,
      "count": 1
    }
  },
  "errors": {}
}