{
  "instance_dir": "D:\\TextArena\\examples\\H&M_instances\\weekly_H&M_instances\\610776002",
  "instance_name": "610776002",
  "promised_lead_time": 0,
  "num_runs": 5,
  "max_periods": null,
  "results": {
    "or": {
      "rewards": [
        12728.0,
        12728.0,
        12728.0,
        12728.0,
        12728.0
      ],
      "mean": 12728.0,
      "std": 0.0,
      "min": 12728.0,
      "max": 12728.0,
      "count": 5
    },
    "llm": {
      "rewards": [
        17770.0,
        17705.0,
        17588.0,
        17481.0,
        17509.0
      ],
      "mean": 17610.6,
      "std": 111.30965816136532,
      "min": 17481.0,
      "max": 17770.0,
      "count": 5
    },
    "llm_to_or": {
      "rewards": [
        17620.0,
        15275.0,
        15995.0,
        13163.0,
        13031.0
      ],
      "mean": 15016.8,
      "std": 1742.4218088625958,
      "min": 13031.0,
      "max": 17620.0,
      "count": 5
    },
    "or_to_llm": {
      "rewards": [
        16724.0,
        17414.0,
        17071.0,
        17082.0,
        17410.0
      ],
      "mean": 17140.2,
      "std": 256.5762264902966,
      "min": 16724.0,
      "max": 17414.0,
      "count": 5
    }
  },
  "errors": {}
}