{
  "instance_dir": "D:\\TextArena\\examples\\H&M_instances\\weekly_H&M_instances\\372860001",
  "instance_name": "372860001",
  "promised_lead_time": 0,
  "num_runs": 5,
  "max_periods": null,
  "results": {
    "or": {
      "rewards": [
        24285.0,
        24285.0,
        24285.0,
        24285.0,
        24285.0
      ],
      "mean": 24285.0,
      "std": 0.0,
      "min": 24285.0,
      "max": 24285.0,
      "count": 5
    },
    "llm": {
      "rewards": [
        24563.0,
        24678.0,
        25215.0,
        24873.0,
        24391.0
      ],
      "mean": 24744.0,
      "std": 282.91624202226353,
      "min": 24391.0,
      "max": 25215.0,
      "count": 5
    },
    "llm_to_or": {
      "rewards": [
        25104.0,
        24808.0,
        24230.0,
        24905.0,
        24668.0
      ],
      "mean": 24743.0,
      "std": 293.1156768240143,
      "min": 24230.0,
      "max": 25104.0,
      "count": 5
    },
    "or_to_llm": {
      "rewards": [
        24735.0,
        24618.0,
        24168.0,
        24981.0,
        24636.0
      ],
      "mean": 24627.6,
      "std": 263.75033649267635,
      "min": 24168.0,
      "max": 24981.0,
      "count": 5
    }
  },
  "errors": {}
}