{
  "instance_dir": "D:\\TextArena\\examples\\H&M_instances\\weekly_H&M_instances\\372860001",
  "instance_name": "372860001",
  "promised_lead_time": 0,
  "num_runs_llm": 5,
  "num_runs_deterministic": 1,
  "max_periods": null,
  "results": {
    "or": {
      "rewards": [
        51207.0
      ],
      "mean": 51207.0,
      "std": 0.0,
      "min": 51207.0,
      "max": 51207.0,
      "count": 1
    },
    "llm": {
      "rewards": [
        51226.0,
        50887.0,
        51455.0,
        51497.0,
        51265.0
      ],
      "mean": 51266.0,
      "std": 216.48279377354683,
      "min": 50887.0,
      "max": 51497.0,
      "count": 5
    },
    "simple_llm_to_or": {
      "rewards": [
        51364.0,
        51315.0,
        51162.0,
        51532.0,
        51346.0
      ],
      "mean": 51343.8,
      "std": 118.07861787809003,
      "min": 51162.0,
      "max": 51532.0,
      "count": 5
    },
    "or_to_llm": {
      "rewards": [
        51537.0,
        51386.0,
        51971.0,
        51020.0,
        51525.0
      ],
      "mean": 51487.8,
      "std": 305.4461654694653,
      "min": 51020.0,
      "max": 51971.0,
      "count": 5
    },
    "perfect_score": {
      "rewards": [
        56792.0
      ],
      "mean": 56792.0,
      "std": 0.0,
      "min": 56792.0,
      "max": 56792.0,
      "count": 1
    }
  },
  "errors": {}
}