{
  "instance_dir": "D:\\TextArena\\examples\\H&M_instances\\weekly_H&M_instances\\372860001",
  "instance_name": "372860001",
  "promised_lead_time": 4,
  "num_runs": 5,
  "max_periods": null,
  "results": {
    "or": {
      "rewards": [
        15348.0,
        15348.0,
        15348.0,
        15348.0,
        15348.0
      ],
      "mean": 15348.0,
      "std": 0.0,
      "min": 15348.0,
      "max": 15348.0,
      "count": 5
    },
    "llm": {
      "rewards": [
        14522.0,
        14839.0,
        14151.0,
        14566.0,
        15489.0
      ],
      "mean": 14713.4,
      "std": 445.417826315921,
      "min": 14151.0,
      "max": 15489.0,
      "count": 5
    },
    "llm_to_or": {
      "rewards": [
        14980.0,
        14979.0,
        14761.0,
        15383.0,
        16413.0
      ],
      "mean": 15303.2,
      "std": 590.1811247405325,
      "min": 14761.0,
      "max": 16413.0,
      "count": 5
    },
    "or_to_llm": {
      "rewards": [
        17642.0,
        12839.0,
        15845.0,
        17225.0,
        10983.0
      ],
      "mean": 14906.8,
      "std": 2584.8633542220373,
      "min": 10983.0,
      "max": 17642.0,
      "count": 5
    }
  },
  "errors": {}
}