{
  "instance_dir": "D:\\TextArena\\examples\\H&M_instances\\weekly_H&M_instances\\372860001",
  "instance_name": "372860001",
  "promised_lead_time": 2,
  "num_runs": 5,
  "max_periods": null,
  "results": {
    "or": {
      "rewards": [
        4875.0,
        4875.0,
        4875.0,
        4875.0,
        4875.0
      ],
      "mean": 4875.0,
      "std": 0.0,
      "min": 4875.0,
      "max": 4875.0,
      "count": 5
    },
    "llm": {
      "rewards": [
        5268.0,
        6773.0,
        5266.0,
        5069.0,
        6033.0
      ],
      "mean": 5681.8,
      "std": 637.7621500214638,
      "min": 5069.0,
      "max": 6773.0,
      "count": 5
    },
    "llm_to_or": {
      "rewards": [
        4661.0,
        4862.0,
        4133.0,
        3148.0,
        4445.0
      ],
      "mean": 4249.8,
      "std": 601.5950132772047,
      "min": 3148.0,
      "max": 4862.0,
      "count": 5
    },
    "or_to_llm": {
      "rewards": [
        4151.0,
        3187.0,
        1027.0,
        5535.0,
        2812.0
      ],
      "mean": 3342.4,
      "std": 1491.8363985370513,
      "min": 1027.0,
      "max": 5535.0,
      "count": 5
    }
  },
  "errors": {}
}