{
  "instance_dir": "D:\\TextArena\\examples\\H&M_instances\\weekly_H&M_instances\\568601006",
  "instance_name": "568601006",
  "promised_lead_time": 2,
  "num_runs": 5,
  "max_periods": null,
  "results": {
    "or": {
      "rewards": [
        1808.0,
        1808.0,
        1808.0,
        1808.0,
        1808.0
      ],
      "mean": 1808.0,
      "std": 0.0,
      "min": 1808.0,
      "max": 1808.0,
      "count": 5
    },
    "llm": {
      "rewards": [
        2063.0,
        2695.0,
        949.0,
        509.0,
        4283.0
      ],
      "mean": 2099.8,
      "std": 1339.922744041611,
      "min": 509.0,
      "max": 4283.0,
      "count": 5
    },
    "llm_to_or": {
      "rewards": [
        2256.0,
        1614.0,
        2724.0,
        2991.0,
        2764.0
      ],
      "mean": 2469.8,
      "std": 490.08668620969496,
      "min": 1614.0,
      "max": 2991.0,
      "count": 5
    },
    "or_to_llm": {
      "rewards": [
        636.0,
        1725.0,
        1596.0,
        -222.0,
        3275.0
      ],
      "mean": 1402.0,
      "std": 1172.5379311561737,
      "min": -222.0,
      "max": 3275.0,
      "count": 5
    }
  },
  "errors": {}
}