{
  "instance_dir": "D:\\TextArena\\examples\\H&M_instances\\weekly_H&M_instances\\568601006",
  "instance_name": "568601006",
  "promised_lead_time": 4,
  "num_runs": 5,
  "max_periods": null,
  "results": {
    "or": {
      "rewards": [
        9044.0,
        9044.0,
        9044.0,
        9044.0,
        9044.0
      ],
      "mean": 9044.0,
      "std": 0.0,
      "min": 9044.0,
      "max": 9044.0,
      "count": 5
    },
    "llm": {
      "rewards": [
        6763.0,
        8102.0,
        5964.0,
        4786.0,
        5698.0
      ],
      "mean": 6262.6,
      "std": 1115.533522580115,
      "min": 4786.0,
      "max": 8102.0,
      "count": 5
    },
    "llm_to_or": {
      "rewards": [
        8707.0,
        8338.0,
        8816.0,
        8852.0,
        8400.0
      ],
      "mean": 8622.6,
      "std": 213.40065604397753,
      "min": 8338.0,
      "max": 8852.0,
      "count": 5
    },
    "or_to_llm": {
      "rewards": [
        9239.0,
        8189.0,
        6037.0,
        8986.0,
        8682.0
      ],
      "mean": 8226.6,
      "std": 1149.3296480992735,
      "min": 6037.0,
      "max": 9239.0,
      "count": 5
    }
  },
  "errors": {}
}