{
  "instance_dir": "D:\\TextArena\\examples\\H&M_instances\\weekly_H&M_instances\\568601006",
  "instance_name": "568601006",
  "promised_lead_time": 0,
  "num_runs": 5,
  "max_periods": null,
  "results": {
    "or": {
      "rewards": [
        15505.0,
        15505.0,
        15505.0,
        15505.0,
        15505.0
      ],
      "mean": 15505.0,
      "std": 0.0,
      "min": 15505.0,
      "max": 15505.0,
      "count": 5
    },
    "llm": {
      "rewards": [
        16407.0,
        16465.0,
        16288.0,
        16502.0,
        16691.0
      ],
      "mean": 16470.6,
      "std": 131.89480656947794,
      "min": 16288.0,
      "max": 16691.0,
      "count": 5
    },
    "llm_to_or": {
      "rewards": [
        15748.0,
        15792.0,
        15727.0,
        15576.0,
        15823.0
      ],
      "mean": 15733.2,
      "std": 85.42926898902975,
      "min": 15576.0,
      "max": 15823.0,
      "count": 5
    },
    "or_to_llm": {
      "rewards": [
        16008.0,
        16202.0,
        16088.0,
        15751.0,
        16314.0
      ],
      "mean": 16072.6,
      "std": 191.23556154648642,
      "min": 15751.0,
      "max": 16314.0,
      "count": 5
    }
  },
  "errors": {}
}