{
  "instance_dir": "D:\\TextArena\\examples\\H&M_instances\\weekly_H&M_instances\\599580017",
  "instance_name": "599580017",
  "promised_lead_time": 4,
  "num_runs": 5,
  "max_periods": null,
  "results": {
    "or": {
      "rewards": [
        13629.0,
        13629.0,
        13629.0,
        13629.0,
        13629.0
      ],
      "mean": 13629.0,
      "std": 0.0,
      "min": 13629.0,
      "max": 13629.0,
      "count": 5
    },
    "llm": {
      "rewards": [
        24527.0,
        29427.0,
        30716.0,
        24136.0,
        24340.0
      ],
      "mean": 26629.2,
      "std": 2842.722174254811,
      "min": 24136.0,
      "max": 30716.0,
      "count": 5
    },
    "llm_to_or": {
      "rewards": [
        14556.0,
        22103.0,
        18334.0,
        24657.0,
        20155.0
      ],
      "mean": 19961.0,
      "std": 3421.6770741845294,
      "min": 14556.0,
      "max": 24657.0,
      "count": 5
    },
    "or_to_llm": {
      "rewards": [
        9711.0,
        35067.0,
        21734.0,
        26537.0,
        23677.0
      ],
      "mean": 23345.2,
      "std": 8199.824983498123,
      "min": 9711.0,
      "max": 35067.0,
      "count": 5
    }
  },
  "errors": {}
}