{
  "instance_dir": "D:\\TextArena\\examples\\H&M_instances\\weekly_H&M_instances\\599580017",
  "instance_name": "599580017",
  "promised_lead_time": 0,
  "num_runs": 5,
  "max_periods": null,
  "results": {
    "or": {
      "rewards": [
        9271.0,
        9271.0,
        9271.0,
        9271.0,
        9271.0
      ],
      "mean": 9271.0,
      "std": 0.0,
      "min": 9271.0,
      "max": 9271.0,
      "count": 5
    },
    "llm": {
      "rewards": [
        16800.0,
        16336.0,
        16409.0,
        16426.0,
        16303.0
      ],
      "mean": 16454.8,
      "std": 178.46388990493287,
      "min": 16303.0,
      "max": 16800.0,
      "count": 5
    },
    "llm_to_or": {
      "rewards": [
        16405.0,
        15471.0,
        14254.0,
        11961.0
      ],
      "mean": 14522.75,
      "std": 1664.0938036961738,
      "min": 11961.0,
      "max": 16405.0,
      "count": 4
    },
    "or_to_llm": {
      "rewards": [
        14883.0,
        14992.0,
        14812.0,
        15754.0,
        14646.0
      ],
      "mean": 15017.4,
      "std": 385.07536924607365,
      "min": 14646.0,
      "max": 15754.0,
      "count": 5
    }
  },
  "errors": {
    "llm_to_or": [
      "Could not extract reward from output. Exit code: 1"
    ]
  }
}