{
  "instance_dir": "D:\\TextArena\\examples\\H&M_instances\\weekly_H&M_instances\\599580017",
  "instance_name": "599580017",
  "promised_lead_time": 2,
  "num_runs": 5,
  "max_periods": null,
  "results": {
    "or": {
      "rewards": [
        3783.0,
        3783.0,
        3783.0,
        3783.0,
        3783.0
      ],
      "mean": 3783.0,
      "std": 0.0,
      "min": 3783.0,
      "max": 3783.0,
      "count": 5
    },
    "llm": {
      "rewards": [
        5250.0,
        2839.0,
        7372.0,
        1255.0,
        4764.0
      ],
      "mean": 4296.0,
      "std": 2095.7789005522504,
      "min": 1255.0,
      "max": 7372.0,
      "count": 5
    },
    "llm_to_or": {
      "rewards": [
        3872.0,
        -3898.0,
        1659.0,
        2769.0,
        -5115.0
      ],
      "mean": -142.6,
      "std": 3651.51971650161,
      "min": -5115.0,
      "max": 3872.0,
      "count": 5
    },
    "or_to_llm": {
      "rewards": [
        5535.0,
        5337.0,
        -10616.0,
        2707.0,
        3759.0
      ],
      "mean": 1344.4,
      "std": 6070.257378398383,
      "min": -10616.0,
      "max": 5535.0,
      "count": 5
    }
  },
  "errors": {}
}