{
  "instance_dir": "D:\\TextArena\\examples\\H&M_instances\\weekly_H&M_instances\\599580017",
  "instance_name": "599580017",
  "promised_lead_time": 0,
  "num_runs_llm": 5,
  "num_runs_deterministic": 1,
  "max_periods": null,
  "results": {
    "or": {
      "rewards": [
        26733.0
      ],
      "mean": 26733.0,
      "std": 0.0,
      "min": 26733.0,
      "max": 26733.0,
      "count": 1
    },
    "llm": {
      "rewards": [
        34345.0,
        35773.0,
        34596.0,
        33845.0,
        33730.0
      ],
      "mean": 34457.8,
      "std": 730.313740799117,
      "min": 33730.0,
      "max": 35773.0,
      "count": 5
    },
    "simple_llm_to_or": {
      "rewards": [
        34237.0,
        33958.0,
        34166.0,
        34172.0,
        34072.0
      ],
      "mean": 34121.0,
      "std": 97.00721622642307,
      "min": 33958.0,
      "max": 34237.0,
      "count": 5
    },
    "or_to_llm": {
      "rewards": [
        34407.0,
        34700.0,
        35451.0,
        35038.0,
        35701.0
      ],
      "mean": 35059.4,
      "std": 473.33987788902806,
      "min": 34407.0,
      "max": 35701.0,
      "count": 5
    },
    "perfect_score": {
      "rewards": [
        42980.0
      ],
      "mean": 42980.0,
      "std": 0.0,
      "min": 42980.0,
      "max": 42980.0,
      "count": 1
    }
  },
  "errors": {}
}