{
  "instance_dir": "D:\\TextArena\\examples\\H&M_instances\\weekly_H&M_instances\\599580017",
  "instance_name": "599580017",
  "promised_lead_time": 4,
  "num_runs": 5,
  "max_periods": null,
  "results": {
    "or": {
      "rewards": [
        -13629.0,
        -13629.0,
        -13629.0,
        -13629.0,
        -13629.0
      ],
      "mean": -13629.0,
      "std": 0.0,
      "min": -13629.0,
      "max": -13629.0,
      "count": 5
    },
    "llm": {
      "rewards": [
        -21278.0,
        -31128.0,
        -23461.0,
        -18639.0,
        -34385.0
      ],
      "mean": -25778.2,
      "std": 5988.100847514177,
      "min": -34385.0,
      "max": -18639.0,
      "count": 5
    },
    "llm_to_or": {
      "rewards": [
        -14746.0,
        -22756.0,
        -20108.0,
        -26912.0,
        -21796.0
      ],
      "mean": -21263.6,
      "std": 3955.4936784173983,
      "min": -26912.0,
      "max": -14746.0,
      "count": 5
    },
    "or_to_llm": {
      "rewards": [
        -29073.0,
        -19966.0,
        -25643.0,
        -21181.0,
        -25929.0
      ],
      "mean": -24358.4,
      "std": 3338.666895633645,
      "min": -29073.0,
      "max": -19966.0,
      "count": 5
    }
  },
  "errors": {}
}